questions,answer
What is psoriasis and what are its common symptoms?,"Psoriasis is a chronic autoimmune condition that results in the overproduction of skin cells. This overproduction leads to patches of thick, red skin covered with silvery scales. Common symptoms include red patches of skin covered with thick, silvery scales, small scaling spots (commonly seen in children), dry and cracked skin that may bleed, itching, burning, or soreness, thickened, pitted, or ridged nails, and swollen and stiff joints."
What is the etiology of acne?,"Acne is primarily caused by the overproduction of oil; blocked hair follicles that don't allow oil to leave the pore, which may cause a clogged pore; bacteria called Propionibacterium acnes that can grow inside the hair follicles and cause inflammation; and hormonal changes, particularly during puberty and menstruation. Other factors like certain medications, diet, and stress can also contribute to the development of acne."
What are the recommended medications for atopic dermatitis?,"There are several medications available for the treatment of atopic dermatitis. Topical corticosteroids are often the first line of treatment. These can help to reduce inflammation and itching. Other options include topical calcineurin inhibitors, which affect the immune system and help to maintain normal skin texture and reduce flare-ups. In severe cases, systemic drugs that work throughout the body may be used. These include corticosteroids, but they are used sparingly because of potential side effects. Other systemic drugs include methotrexate, cyclosporine, and biologics."
Can you tell me about the treatment modalities for melanoma?,"Melanoma treatment depends on the stage and location of the disease, as well as the patient's overall health. Options include surgery, which is the primary treatment for early-stage melanomas. In some cases, lymph nodes may also be removed. Other treatments include immunotherapy, which boosts the body's natural defenses to fight the cancer; targeted therapy, which uses drugs or other substances to identify and attack specific cancer cells; chemotherapy, which uses drugs to kill cancer cells; and radiation therapy, which uses high-powered energy beams, such as X-rays, to kill cancer cells. In some cases, a combination of these treatments may be used."
What is rosacea and what are its common symptoms?,"Rosacea is a common skin condition that causes redness and visible blood vessels in your face. It may also produce small, red, pus-filled bumps. The symptoms may flare up for a period of weeks to months and then diminish for a while. Common symptoms include facial redness, swollen red bumps, eye problems (many people with rosacea also experience dry, irritated, swollen eyes and red, swollen eyelids), and an enlarged nose (in rare cases, rosacea can thicken the skin on the nose, causing it to appear bulbous)."
What causes seborrheic dermatitis?,"The exact cause of seborrheic dermatitis is unknown, but it may be related to a yeast (fungus) called Malassezia that is in the oil secretion on the skin, or to an irregular response of the immune system. Other factors that may increase your risk of developing seborrheic dermatitis include certain neurological conditions, such as Parkinson's disease, head injury or stroke, HIV/AIDS, alcoholism, depression, eating disorders, and certain medications."
What are the recommended medications for treating vitiligo?,"Treatment for vitiligo aims to stop or slow the progression of pigment loss and, if you desire, attempt to return some color to your skin. Medications include topical corticosteroids, calcineurin inhibitors, and psoralen plus ultraviolet A (PUVA) therapy. In some cases, tattooing small areas of skin may be recommended, especially if your complexion is very dark. Other treatments include removing the remaining color (depigmentation) or skin grafting."
What are the treatment options for basal cell carcinoma?,"Treatment options for basal cell carcinoma depend on the type, location, and size of the tumor, as well as the patient's overall health. Options include surgical excision, where the tumor along with a margin of normal skin is cut out; Mohs surgery, which involves removing the tumor layer by layer; curettage and electrodessication, where the tumor is scraped out and the base burned; radiation therapy, used when surgery isn't an option; topical treatments for very superficial basal cell carcinomas; and targeted drug therapy for advanced basal cell carcinoma."
What is eczema and what are its common symptoms?,"Eczema, also known as atopic dermatitis, is a condition that makes your skin red and itchy. It's common in children but can occur at any age. Eczema is long lasting (chronic) and tends to flare periodically. Common symptoms include dry skin, itching, which may be severe, especially at night, red to brownish-gray patches, especially on the hands, feet, ankles, wrists, neck, upper chest, eyelids, inside the bend of the elbows and knees, and in infants, the face and scalp, small, raised bumps, which may leak fluid and crust over when scratched, and thickened, cracked, scaly skin."
What causes contact dermatitis?,"Contact dermatitis is caused by a direct reaction to something that irritates the skin or triggers an allergic reaction. The substance could be one of thousands of known allergens and irritants. Some of the most common are soaps, cosmetics, fragrances, jewelry containing nickel, cleaning products, certain plants, and latex gloves. Some people develop allergic reactions to tattoo ink, resulting in an itchy rash at the tattoo site."
What are the recommended medications for treating hives?,"Hives, also known as urticaria, are often treated with antihistamines. These medications can help to relieve itching and prevent new hives. Over-the-counter (OTC) versions include cetirizine (Zyrtec), diphenhydramine (Benadryl), and loratadine (Claritin). Prescription antihistamines that can be used include hydroxyzine (Vistaril) and cyproheptadine. In severe cases, oral corticosteroids such as prednisone may be prescribed. Other treatments include avoiding triggers, using cool compresses to soothe the skin, and wearing loose-fitting clothes."
What is the etiology of rosacea?,"The exact cause of rosacea is unknown, but it's likely a combination of hereditary and environmental factors. A number of factors can trigger or worsen rosacea by increasing blood flow to the surface of your skin. Some of these factors include hot drinks and spicy foods, alcohol, temperature extremes, sunlight or wind, emotions, exercise, cosmetics, drugs that dilate blood vessels, and certain blood pressure medications."
What are the treatment options for rosacea?,"Treatment for rosacea typically involves a combination of medication and lifestyle changes. Medications can include topical drugs that reduce redness and inflammation, such as metronidazole, azelaic acid, and ivermectin. Oral antibiotics, like doxycycline, can help reduce inflammation and redness. In severe cases, isotretinoin may be used. Laser therapy can help reduce redness in persistent cases. Lifestyle changes, such as avoiding triggers, using sunscreen, and practicing good skin care, can also help manage symptoms."
What are the treatment modalities for acne?,"Acne treatment depends on the severity of the condition. Mild acne can often be managed with over-the-counter products containing ingredients like benzoyl peroxide or salicylic acid. For moderate to severe acne, prescription medications may be necessary. These can include topical treatments such as retinoids and antibiotics, or oral medications like antibiotics, combined oral contraceptives, anti-androgen agents, or isotretinoin. In some cases, therapies such as lasers and photodynamic therapy, chemical peels, or extraction of whiteheads and blackheads may be recommended."
What are the treatment options for eczema?,"Treatment for eczema aims to heal the affected skin and prevent flares. Common treatments include over-the-counter remedies, prescription topical medications, phototherapy, immunosuppressants, and biologic drugs. Over-the-counter treatments include hydrocortisone creams and ointments, which may help relieve itching and inflammation. Prescription creams and ointments containing corticosteroid, or drugs that control inflammation, are often recommended. In severe cases, your doctor may prescribe oral corticosteroids. Phototherapy, which involves exposure to controlled amounts of natural sunlight, can also be beneficial."
What causes melanoma?,"Melanoma occurs when something goes wrong in the melanocytes, the cells that produce melanin â€” the pigment that gives your skin, hair and eyes color. The exact cause isn't clear, but exposure to ultraviolet (UV) radiation from sunlight or tanning lamps and beds increases your risk of developing melanoma. Other factors that can increase your risk include having many moles or abnormal moles, a family history of melanoma, fair skin, a history of sunburn, living closer to the equator or at a higher elevation, and having a weak immune system."
What is the etiology of atopic dermatitis?,"Atopic dermatitis, also known as eczema, is a condition that makes your skin red and itchy. It's common in children but can occur at any age. The exact cause of atopic dermatitis is unknown, but it's likely due to a combination of dry, irritable skin, a malfunction in the body's immune system, and genetics. Environmental factors can also play a role. People with atopic dermatitis might have a higher risk of skin infections due to a weakened skin barrier."
What are the symptoms of melanoma?,"Melanoma signs include a new, unusual growth or a change in an existing mole. Melanomas can develop anywhere on your body, most often in areas that have had exposure to the sun. Common symptoms follow the ABCDE rule: Asymmetry (one half of the mole doesn't match the other), Border irregularity (the edges are ragged or notched), Color variations (having a variety of colors is a warning sign), Diameter (melanomas are usually larger in diameter than the eraser on your pencil, but they may be smaller when first detected), and Evolving (any change in size, shape, color, elevation, or another trait, or any new symptom such as bleeding, itching or crusting, may signal melanoma)."
What are the symptoms of psoriasis?,"Psoriasis typically presents as red patches of skin covered with thick, silvery scales. Other symptoms can include dry, cracked skin that may bleed, itching, burning or soreness, thickened, pitted, or ridged nails, and swollen and stiff joints. Psoriasis patches can range from a few spots of dandruff-like scaling to major eruptions that cover large areas. Most types of psoriasis go through cycles, flaring for a few weeks or months, then subsiding for a time or even going into complete remission."
What is the etiology of melanoma?,"Melanoma is caused by changes (mutations) in cells called melanocytes, which produce the pigment melanin responsible for skin color. These mutations can cause the cells to multiply rapidly and form malignant tumors. The primary environmental risk factor is exposure to ultraviolet (UV) light, including sunlight and tanning beds, which can cause DNA damage in cells. Genetic factors, such as having a family history of melanoma and having certain gene mutations, can also increase risk."
What are the symptoms of rosacea?,"Rosacea typically causes flushing (redness) of the skin, particularly on the face. Other symptoms can include visible blood vessels, swollen and sensitive skin, skin that stings or burns, dry and rough skin, raised red patches, thickened skin, and in some cases, eye problems like dryness and irritation, swollen eyelids, and cysts on the eyelids. Rosacea can also cause small, red, pus-filled bumps to develop."
What are the recommended medications for treating psoriasis?,"Psoriasis treatment typically aims to stop skin cells from growing so quickly and to remove scales. Topical treatments include corticosteroids, vitamin D analogues, retinoids, calcineurin inhibitors, salicylic acid, coal tar, and moisturizers. Light therapy (phototherapy) is another option. For severe psoriasis or psoriasis not responsive to other treatments, drugs like methotrexate, oral retinoids, biologics, and cyclosporine may be prescribed. It's important to discuss these options with a healthcare provider to find the best treatment plan."
What causes atopic dermatitis?,"Atopic dermatitis, also known as eczema, is caused by a combination of factors including genetics, an abnormal immune system, environment, activities that may cause skin to be more sensitive, and defects in the skin barrier that allow moisture out and germs in. People with atopic dermatitis often have allergies to things like certain foods, dust mites, or pollen. Stress and cold weather can also make symptoms worse."
What is the etiology of psoriasis?,"Psoriasis is thought to be an immune system problem that causes the skin to regenerate at faster than normal rates. This results in the thick, silvery scales characteristic of psoriasis. Triggers for the disease can include infections, stress, cold weather, certain medications, trauma to the skin, and excessive alcohol consumption. There's also a genetic component, so if one or both of your parents have psoriasis, it's more likely you will too."
What are the typical symptoms of contact dermatitis?,"Contact dermatitis is a skin rash caused by contact with a certain substance. Symptoms can include a red rash, itching, which may be severe, dry, cracked, scaly skin, bumps and blisters, sometimes with oozing and crusting, and swelling, burning or tenderness. The rash isn't contagious or life-threatening, but it can be very uncomfortable. Symptoms usually occur within a few hours or days of exposure to an allergen."
What are the treatment options for seborrheic dermatitis?,"Treatment for seborrheic dermatitis focuses on managing the symptoms and controlling flare-ups. Over-the-counter antifungal creams and shampoos containing ingredients like ketoconazole, zinc pyrithione, or selenium sulfide can be effective. Prescription-strength topical antifungals or steroids may be recommended for more severe cases. Additionally, medicated shampoos, creams, and lotions can help reduce inflammation and scale formation. Lifestyle changes, such as avoiding harsh soaps and shampoos, can also help manage symptoms."
What causes rosacea?,"The exact cause of rosacea is unknown, but it may be due to a combination of hereditary and environmental factors. A number of factors can trigger or worsen rosacea by increasing blood flow to the surface of your skin. These include hot drinks and spicy foods, alcohol, temperature extremes, sunlight or wind, emotions, exercise, cosmetics, drugs that dilate blood vessels, and certain blood pressure medications."
What are the treatment options for atopic dermatitis (eczema)?,"Treatment for atopic dermatitis (eczema) aims to control inflammation, relieve itching, and prevent flare-ups. Topical treatments include corticosteroid creams or ointments, calcineurin inhibitors, and PDE4 inhibitors. Light therapy (phototherapy) can be used in more severe cases. Oral medications may be prescribed for severe eczema, such as corticosteroids, antibiotics (if the skin is infected), antihistamines, and drugs that affect the immune system like cyclosporine, methotrexate, and mycophenolate mofetil. Regular moisturizing is also an important part of skin care."
What are the treatment options for melanoma?,"Melanoma treatment options depend on the stage and location of the melanoma, as well as the patient's overall health. For early-stage melanomas, surgery to remove the melanoma and a margin of normal skin around it may be the only treatment needed. For melanomas that have spread beyond the skin, treatment options may include surgery to remove affected lymph nodes, immunotherapy, targeted therapy, chemotherapy, and radiation therapy. Clinical trials might also be an option for some patients."
What are some common treatments for rosacea?,"Treatment for rosacea typically involves a combination of medication and lifestyle changes. Medications may include antibiotics, which can be applied to the skin or taken orally, and acne drugs such as isotretinoin. Laser therapy may also be used to reduce redness. Lifestyle changes can include avoiding triggers, such as hot drinks, spicy foods, caffeine, and alcohol, as well as using sunscreen and adopting a gentle skin care routine."
What are the common treatments for psoriasis?,"Psoriasis treatments aim to stop skin cells from growing so quickly and to remove scales. Options include topical treatments like corticosteroids, vitamin D analogues, and retinoids. Light therapy, or phototherapy, is also used, which involves exposing the skin to controlled amounts of natural or artificial light. More severe cases may require systemic medications, taken orally or by injection, such as methotrexate, cyclosporine, and biologics. Lifestyle changes, like a healthy diet and stress management, can also help manage symptoms."
What are the treatment options for psoriasis?,"Treatment options for psoriasis depend on the severity and extent of the skin involvement. Topical treatments, such as corticosteroids, vitamin D analogues, and retinoids, are often the first line of treatment. Light therapy, or phototherapy, which involves exposing the skin to controlled amounts of natural or artificial light, can also be effective. For moderate to severe psoriasis, systemic medications, which work throughout the body, may be used. These include methotrexate, cyclosporine, and biologic agents that target specific parts of the immune system."
What are the symptoms of seborrheic dermatitis?,"Seborrheic dermatitis typically appears as red, flaky skin covered with greasy-looking white or yellow scales. The scales can flake off, creating dandruff. The condition usually affects areas of the body with a lot of oil glands, such as the scalp, face, and upper body. Other symptoms can include itching, stinging, and burning. In infants, it's often known as ""cradle cap"" and can cause a scaly, crusty scalp."
What are some common treatments for melanoma?,"Treatment options for melanoma depend on the stage and location of the cancer, as well as the patient's overall health. For early-stage melanomas, surgery to remove the melanoma and a margin of normal skin around it may be the only treatment needed. For melanomas that have spread beyond the skin, treatments may include additional surgery to remove lymph nodes, immunotherapy to boost the immune system's ability to fight cancer, targeted therapy to block specific mutations in cancer cells, chemotherapy, and radiation therapy."
What are the symptoms of basal cell carcinoma?,"Basal cell carcinoma often appears as a slightly transparent bump on the skin, though it can take other forms. Common symptoms include a pearly or waxy bump, often with visible blood vessels, on the ears, neck, or face. It may also appear as a flat, flesh-colored or brown scar-like lesion, or a bleeding or scabbing sore that heals and returns. Basal cell carcinomas are often mistaken for sores, pimples, or a rash. It's important to get any suspicious skin changes checked by a doctor."
What causes psoriasis?,"Psoriasis is thought to be an immune system problem that causes the skin to regenerate at faster than normal rates. This leads to the build-up of skin cells on the surface of the skin, forming scales and red patches that are sometimes painful. Triggers for psoriasis can include infections, stress, cold weather, certain medications, trauma to the skin, and excessive alcohol consumption. It's also thought that genetics may play a role in the development of psoriasis."
What are the symptoms of atopic dermatitis?,"Atopic dermatitis, also known as eczema, is a condition that makes your skin red and itchy. Symptoms vary from person to person but may include dry skin, itching, which may be severe, especially at night, red to brownish-gray patches, especially on the hands, feet, ankles, wrists, neck, upper chest, eyelids, inside the bend of the elbows and knees, and in infants, the face and scalp, small, raised bumps, which may leak fluid and crust over when scratched, thickened, cracked, scaly skin, and raw, sensitive, swollen skin from scratching."
What are the causes of psoriasis?,"Psoriasis is thought to be an immune system problem. Triggers include infections, stress, and cold. The underlying cause of psoriasis stems from your immune system. Your T cells mistakenly attack your skin cells. This process leads to an overproduction of new skin cells, T cells and white blood cells, causing the thick, scaly patches on the skin. Genetic factors also play a role, as psoriasis may run in families."
What are the common symptoms of melanoma?,"Melanoma signs include a mole that changes in color, size or feel, or that bleeds. Other symptoms can include a small lesion with an irregular border and portions that appear red, white, blue or blue-black; a painful lesion that itches or burns; a large brownish spot with darker speckles; and dark lesions on your palms, soles, fingertips or toes, or on mucous membranes lining your mouth, nose, vagina or anus. It's important to see a healthcare professional if you notice any skin changes."
What are the symptoms of eczema?,"Eczema, also known as atopic dermatitis, is characterized by itchy, red, and dry skin caused by inflammation. The symptoms can vary from person to person but commonly include dry skin, intense itching, patches of red to brownish-gray skin, small, raised bumps which may leak fluid and crust over when scratched, thickened, cracked, scaly skin, and raw, sensitive, swollen skin from scratching. Eczema is often seen on the hands, feet, ankles, wrists, neck, upper chest, eyelids, inside the bend of the elbows and knees, and in infants, the face and scalp."
What is the recommended medication for acne?,"The recommended medication for acne depends on the severity and persistence of the acne. Over-the-counter treatments include ingredients such as benzoyl peroxide, salicylic acid, and sulfur. Prescription medications for moderate to severe acne may include topical retinoids, topical antibiotics, azelaic acid, oral antibiotics, oral contraceptives for women, anti-androgen agents for women, and isotretinoin for severe cases. It's important to discuss these options with a healthcare provider to determine the best treatment plan."
What is the etiology of eczema?,"The exact cause of eczema is unknown, but it's believed to be linked to an overactive response by the body's immune system to an irritant. It is also associated with a genetic variation that affects the skin's ability to provide protection from bacteria, irritants, and allergens. Factors that can trigger an eczema flare-up include stress, contact with irritating substances, heat and sweat, cold, dry climates, and certain foods or allergens."
What is the cause of psoriasis?,"Psoriasis is thought to be an immune system problem that causes the skin to regenerate at faster than normal rates. This results in the thick, scaly skin associated with psoriasis. Triggers for psoriasis can include infections, stress, cold weather, certain medications, trauma to the skin, and excessive alcohol consumption. Genetics also plays a role, as psoriasis can run in families."
What are the common treatments for contact dermatitis?,"The treatment for contact dermatitis depends on its severity and the cause. It often includes topical corticosteroid creams or ointments, which can help to reduce inflammation and itching. Oral antihistamines can also help to relieve severe itching. In more severe cases, oral corticosteroids may be prescribed. It's also important to identify and avoid the substance that caused the reaction, if possible. Over-the-counter creams and ointments containing the steroid hydrocortisone can also be used for minor reactions."
What is the treatment for rosacea?,"Rosacea treatment can involve a combination of prescribed topical medications to reduce inflammation and redness, oral antibiotics for more severe cases, and lifestyle modifications. These lifestyle changes can include avoiding triggers such as hot beverages, spicy foods, alcohol, extreme temperatures, sunlight, stress, and certain skincare products. In some cases, laser therapy might be recommended to reduce redness. It's important to consult with a dermatologist to determine the best treatment plan."
What are the recommended treatments for melanoma?,"Treatment for melanoma depends on the stage and location of the cancer, as well as the patient's overall health. Options may include surgical removal of the melanoma, immunotherapy (drugs that stimulate the immune system to fight cancer), targeted therapy (drugs that target specific genes or proteins in cancer cells), chemotherapy, and radiation therapy. In some cases, a combination of these treatments may be used. It's important to discuss these options with a healthcare provider to find the best treatment plan."
What are the common symptoms of acne?,"Acne symptoms vary depending on the severity of your condition. They may include whiteheads (closed plugged pores), blackheads (open plugged pores), small red, tender bumps (papules), pimples (pustules), large, solid, painful lumps beneath the surface of the skin (nodules), and painful, pus-filled lumps beneath the surface of the skin (cystic lesions)."
What is the recommended medication for psoriasis?,"Treatment for psoriasis often includes topical treatments such as corticosteroids, vitamin D analogues, retinoids, calcineurin inhibitors, salicylic acid, coal tar, and moisturizers. For moderate to severe psoriasis, doctors may recommend phototherapy (light therapy), systemic medications like methotrexate, cyclosporine, or biologics, which are drugs that alter the immune system. It's important to discuss with a healthcare provider to determine the most suitable treatment."
What are the common symptoms of rosacea?,"Common symptoms of rosacea include facial redness, swollen red bumps, eye problems, and enlarged nose. People with rosacea may experience periods of flare-ups and remission. The condition can cause more than just a red face. There are several types of rosacea, each with its own set of symptoms. It can cause eye problems, such as dryness, irritation and swollen, reddened eyelids. In severe cases, rosacea can cause a thickening of the skin on the nose, leading to a bulbous appearance."
What are the common symptoms of shingles?,"Shingles typically starts as a painful, burning, or tingling sensation on one side of the body or face. Within 1-5 days, a red rash appears at the same location, which quickly turns into a group of clear, fluid-filled blisters. These blisters may itch and can take up to two weeks to heal. Other symptoms can include fever, headache, nausea, and body aches. In severe cases, shingles can also cause eye problems, skin infections, nerve pain, and other complications."
What are the common treatment options for melanoma?,"Treatment for melanoma depends on the stage and location of the tumor, and may include one or a combination of the following modalities:

1. Surgery: The primary treatment for melanoma is removal of the skin cancer and some normal skin around it.
2. Immunotherapy: Uses your immune system to fight cancer.
3. Targeted therapy: Uses drugs or other substances to identify and attack specific cancer cells.
4. Chemotherapy: Uses drugs to destroy cancer cells.
5. Radiation therapy: Uses high-powered energy beams, such as X-rays, to kill cancer cells.
6. Palliative care: Aimed at relieving symptoms and improving quality of life.

Always consult with a healthcare provider to discuss the most appropriate treatment options."
What are the common causes of acne?,"Acne is primarily caused by:

1. Overproduction of oil (sebum) by the skin.
2. Irregular shedding of dead skin cells resulting in irritation of the hair follicles of your skin.
3. Buildup of bacteria.
4. Hormonal changes, particularly during puberty and menstrual cycles.
5. Certain medications, such as corticosteroids, testosterone, or lithium.
6. Diet, especially dairy products and carbohydrate-rich foods.
7. Stress, which can make acne worse.

It's important to note that acne is not caused by dirt, and scrubbing the skin too hard or cleansing with harsh soaps or chemicals irritates the skin and can make acne worse."
What are the common symptoms of eczema?,"Eczema, also known as atopic dermatitis, typically causes symptoms such as:

1. Itchy skin, which may be severe, especially at night.
2. Red to brownish-gray patches, especially on the hands, feet, ankles, wrists, neck, upper chest, eyelids, inside the bend of the elbows and knees, and in infants, the face and scalp.
3. Small, raised bumps, which may leak fluid and crust over when scratched.
4. Thickened, cracked, dry, scaly skin.
5. Raw, sensitive, swollen skin from scratching.

The symptoms can vary from person to person and may flare up and subside over time."
What are the symptoms of a fungal skin infection?,"Fungal skin infections can cause a variety of symptoms, which can vary depending on the type of fungus causing the infection and the part of the body affected. Common symptoms may include:

1. Redness or skin discoloration.
2. Itching, stinging, or burning.
3. A rash or sores that may be circular in shape.
4. Peeling, cracking, or scaling skin.
5. Blisters or pustules.
6. Changes in skin color, either lighter or darker than the surrounding skin.
7. Changes in nail color, thickness, or shape (if the infection is in or around the nails).

Always consult a healthcare provider for a proper diagnosis and treatment."
What causes eczema?,"Eczema is thought to be linked to an overactive response by the body's immune system to an irritant. It is commonly found in families with a history of other allergies or asthma. Also, defects in the skin barrier could allow moisture out and germs in. Some people may have ""flare-ups"" of the itchy rash in response to certain substances or conditions, such as soaps, detergents, stress, and weather changes."
What are the symptoms of contact dermatitis?,"Contact dermatitis is a skin reaction caused by contact with a certain substance. Symptoms can vary from person to person but may include: red rash or bumps, itching, which may be severe, dry, cracked, red patches, which may resemble a burn, and in severe reactions, blisters and draining fluid. In most cases, these symptoms occur on the hands, arms, or face. However, the reaction can occur on any part of the body."
What are the treatment options for acne?,"Treatment for acne varies depending on the severity and type of acne. Over-the-counter treatments often contain ingredients like benzoyl peroxide, salicylic acid, or sulfur. Prescription treatments can include topical treatments such as retinoids and prescription-strength benzoyl peroxide, antibiotics, or salicylic acid. Oral medications can include antibiotics, combined oral contraceptives, anti-androgen agents, and isotretinoin. In some cases, therapies like lasers and photodynamic therapy, chemical peels, or extraction of whiteheads and blackheads may be recommended."
What causes a fungal skin infection?,"Fungal skin infections are caused by different types of fungi, including yeasts. They're often contracted by coming into contact with an infected person or animal, or by touching a contaminated object or surface. Warm, moist environments like locker rooms and swimming pools can be breeding grounds for fungi. Certain factors can increase your risk of getting a fungal skin infection, such as a weakened immune system, obesity, diabetes, poor hygiene, and living in a warm climate."
What is the cause of melanoma?,"Melanoma, the most serious type of skin cancer, is primarily caused by intense, occasional UV exposure, especially in those who are genetically predisposed to the disease. This exposure can come from the sun or from artificial sources like tanning beds. Melanoma occurs when something goes wrong in the melanin-producing cells (melanocytes) that give color to the skin. The precise cause of all melanomas isn't clear, but exposure to ultraviolet (UV) radiation from sunlight or tanning lamps and beds increases your risk of developing the disease."
What medications are used to treat psoriasis?,"Psoriasis treatments can include topical treatments, light therapy, and systemic medications. Topical treatments are creams and ointments applied to the skin, and can include corticosteroids, vitamin D analogues, retinoids, calcineurin inhibitors, salicylic acid, coal tar, and moisturizers. Light therapy involves exposing the skin to ultraviolet light under medical supervision. Systemic medications are prescription drugs that are taken orally or by injection and include methotrexate, cyclosporine, biologics, and new oral treatments such as apremilast."
What are the common medications for treating acne?,"Acne treatments depend on the severity of the condition. Some common medications include:

1. Retinoids and retinoid-like drugs: These come as creams, gels and lotions. Retinoid drugs are derived from vitamin A and include tretinoin, adapalene and tazarotene.

2. Antibiotics: These may be applied to the skin or taken orally and work by reducing inflammation and bacteria.

3. Salicylic acid and azelaic acid: These help prevent pores from becoming plugged.

4. Dapsone: This is often used in combination with other medications and is especially effective for inflammatory acne.

5. Oral contraceptives: These can help clear the skin in women.

6. Anti-androgen agents: These block the effect of androgens on the sebaceous glands.

7. Isotretinoin: This is a powerful drug used in people whose severe acne doesn't respond to other treatments.

Remember, each treatment has potential side effects. It's important to discuss these with your healthcare provider when considering treatment options."
What is the treatment for eczema?,"Eczema treatment aims to heal the affected skin and prevent flares. It involves a combination of self-care measures such as moisturizing the skin regularly, avoiding harsh soaps and other irritants, and applying medicated creams or ointments. Prescription medications include topical corticosteroid creams and ointments, calcineurin inhibitors, and systemic corticosteroids. In severe cases, your doctor might prescribe oral drugs to control inflammation. Light therapy, using a machine that emits UVB light, is another treatment option for severe eczema."
What are the common treatments for atopic dermatitis?,"Atopic dermatitis, also known as eczema, can be managed with a combination of medications, skincare, and lifestyle modifications. Medications may include topical corticosteroids to reduce inflammation and itch, calcineurin inhibitors, and systemic medications for severe cases. Regular moisturizing with a suitable emollient is crucial. Avoiding triggers such as allergens, irritants, and stress can also help manage symptoms. In some cases, phototherapy may be recommended."
What are the common symptoms of vitiligo?,"Vitiligo is a disease that causes the loss of skin color in blotches. The extent and rate of color loss are unpredictable. Common symptoms include:

1. Patchy loss of skin color, which usually first appears on the hands, face, and areas around body openings and the genitals.
2. Premature whitening or graying of the hair on your scalp, eyelashes, eyebrows or beard.
3. Loss of color in the tissues that line the inside of your mouth and nose (mucous membranes).
4. Loss of or change in color of the inner layer of the eyeball (retina).

It's important to note that vitiligo is not painful and does not have significant health consequences; however, it can have emotional and psychological impact."
What is the recommended treatment for melanoma?,"Melanoma treatment depends on the stage and location of the cancer, as well as the patient's overall health. For early-stage melanomas, surgical removal of the tumor is usually all that is needed. For melanomas that have spread beyond the skin, treatment options may include surgery to remove affected lymph nodes, immunotherapy to boost the body's natural defenses to fight the cancer, targeted therapy to attack specific weaknesses within cancer cells, chemotherapy, or radiation therapy. Clinical trials of new treatments may also be an option."
What are the recommended medications for psoriasis?,"There are several types of medications used to treat psoriasis, including:

1. Topical treatments: These include corticosteroids, vitamin D analogues, retinoids, calcineurin inhibitors, salicylic acid, coal tar, and moisturizers.

2. Light therapy (phototherapy): This involves exposing the skin to ultraviolet light on a regular basis under medical supervision.

3. Systemic medications: These are drugs that are taken orally or by injection and include methotrexate, cyclosporine, biologics, and new oral treatments like apremilast.

Each of these treatments has benefits and risks. The choice of treatment depends on the severity of psoriasis, the area of skin affected, the type of psoriasis, the patient's health and age, and the patient's personal preferences."
What are the available treatment options for melanoma?,"Treatment for melanoma depends on the stage of the disease, the location of the tumor, and the patient's overall health. Options may include surgery to remove the melanoma, immunotherapy (drugs that help your immune system fight cancer), targeted therapy (drugs that target specific weaknesses in cancer cells), chemotherapy, and radiation therapy. In some cases, a combination of these treatments may be used. It's important to discuss with a healthcare provider to determine the most suitable treatment."
What are the causes of eczema?,"The exact cause of eczema is unknown, but it's believed to be linked to an overactive response by the body's immune system to an irritant. It is this response that causes the symptoms of eczema. Furthermore, eczema is commonly found in families with a history of other allergies or asthma. Some people may experience flare-ups in response to certain substances or conditions, such as soaps, detergents, stress, and changes in weather."
What are the common symptoms of psoriasis?,"Psoriasis is a chronic skin condition that accelerates the life cycle of skin cells. Symptoms vary from person to person but may include:

1. Red patches of skin covered with thick, silvery scales
2. Small scaling spots (commonly seen in children)
3. Dry, cracked skin that may bleed
4. Itching, burning, or soreness
5. Thickened, pitted, or ridged nails
6. Swollen and stiff joints

Psoriasis patches can range from a few spots of dandruff-like scaling to major eruptions that cover large areas. Most types of psoriasis go through cycles, flaring for a few weeks or months, then subsiding for a time or even going into complete remission."
What causes basal cell carcinoma?,"Basal cell carcinoma is a type of skin cancer that occurs when the basal cells in your skin start to grow uncontrollably. The primary cause is overexposure to ultraviolet (UV) radiation from the sun or from tanning beds. People with fair skin, light hair, and blue, green, or grey eyes are at highest risk. Other risk factors include age (being older), a personal or family history of skin cancer, exposure to radiation or arsenic, and chronic or severe skin inflammation or injury."
What is the recommended treatment for psoriasis?,"Psoriasis treatment aims to stop skin cells from growing so quickly and to remove scales. Options include:

1. Topical treatments: These include over-the-counter and prescription creams and shampoos, lotions, bath solutions, and ointments.

2. Light therapy (phototherapy): This involves exposing your skin to ultraviolet light under medical supervision.

3. Oral or injected medications: These are used for severe psoriasis or psoriasis that resists other treatments. They include retinoids, methotrexate, cyclosporine, and drugs that alter the immune system.

4. Biologics: These are drugs that target specific parts of the immune system. They're usually administered by an injection and are used for moderate to severe psoriasis.

Remember, the type of treatment may depend on the severity of the psoriasis, the type of psoriasis, the patient's health, and their response to initial treatments."
What is the typical treatment for rosacea?,"Treatment for rosacea typically involves a combination of medication and lifestyle changes. Medications may include topical drugs to reduce redness and inflammation, oral antibiotics for moderate to severe rosacea, or isotretinoin for severe rosacea that doesn't respond to other treatments. Laser therapy may be used to reduce redness in persistent cases. Lifestyle changes, such as identifying and avoiding triggers, using sunscreen, and taking good care of your skin, can also help manage rosacea."
What is the treatment for melanoma?,"Melanoma treatment depends on the stage and location of the cancer, as well as the patient's overall health. Options may include:

1. Surgery: The primary treatment for melanoma is surgery to remove the cancerous cells.
2. Immunotherapy: Drugs that help your immune system fight the cancer.
3. Targeted therapy: Drugs that target specific vulnerabilities in your cancer cells.
4. Radiation therapy: This may be used after surgery to kill any remaining cancer cells.
5. Chemotherapy: This can be used if the cancer has spread to other parts of the body.

It's important to discuss these options with a healthcare provider to determine the best course of action."
What are some common treatments for acne?,"Treatment for acne depends on its severity and persistence. Mild acne can be treated with over-the-counter (OTC) medications, such as gels, creams, and lotions, that you apply to your skin. The active ingredients in these products may include salicylic acid, benzoyl peroxide, and resorcinol. 

For moderate to severe acne, you may need a prescription for topical or oral medications. These could include antibiotics to help stop or slow the growth of bacteria and reduce inflammation, or retinoid creams, gels, lotions, or pills, which are vitamin A derivatives that regulate cell turnover to keep pores free of clogs.

In some cases, hormonal therapies or a combination of treatments may be effective. It's important to consult a dermatologist to determine the best treatment plan for your specific condition."
What is psoriasis and what are its symptoms?,"Psoriasis is a chronic skin condition caused by an overactive immune system. Symptoms include patches of thick, red skin covered with silvery scales, dry and cracked skin that may bleed, itching, burning, or soreness, thickened, pitted, or ridged nails, and swollen and stiff joints. These patches or plaques can occur anywhere on the body, but they're most often found on the scalp, knees, elbows, and lower back. Psoriasis is not contagious and its severity varies from person to person."
What are the common medications for treating rosacea?,"Common medications for treating rosacea include:

1. Topical drugs: These help reduce redness and inflammation. Examples include metronidazole, azelaic acid, and ivermectin.

2. Oral antibiotics: These help reduce inflammation and bacteria. Examples include doxycycline, minocycline, and tetracycline.

3. Isotretinoin: This is a powerful drug used for severe, resistant rosacea.

4. Brimonidine and oxymetazoline: These are topical drugs that constrict blood vessels in the skin, reducing redness.

Remember, each treatment has potential side effects. It's important to discuss these with your healthcare provider when considering treatment options."
What is the recommended treatment for eczema?,"Eczema treatment aims to heal the affected skin and prevent flaring of the symptoms. Doctors will suggest a plan based on the patient's age, symptoms, and current state of health. Treatments may include:

1. Over-the-counter remedies: These include creams and ointments that contain hydrocortisone. 

2. Prescription creams and ointments: These contain corticosteroid or other medications, such as tacrolimus and pimecrolimus.

3. Oral drugs: These can control inflammation, such as prednisone, or antibiotics to treat infections.

4. Biologic drugs: Such as dupilumab, which can help control the immune system response.

5. Therapies: This can include light therapy, or even counseling if the eczema is causing stress or anxiety.

Lifestyle changes, such as regular moisturizing, avoiding harsh soaps, and other triggers can also help manage symptoms."
What are some common treatments for psoriasis?,"Psoriasis treatments aim to stop skin cells from growing so quickly and to remove scales. Options include:

1. Topical treatments: These include corticosteroids, vitamin D analogues, retinoids, calcineurin inhibitors, salicylic acid, coal tar, and moisturizers.

2. Light therapy (phototherapy): This involves exposing the skin to ultraviolet (UV) light on a regular basis under medical supervision.

3. Oral or injected medications: These are used for severe psoriasis or psoriasis that's resistant to other treatments. They include retinoids, methotrexate, cyclosporine, biologics, and newer oral treatments such as apremilast.

4. Lifestyle measures, such as maintaining a healthy weight, avoiding tobacco and alcohol, and managing stress can also help control flare-ups.

Remember to discuss these options with your healthcare provider to determine the best treatment for your condition."
What are common treatments for psoriasis?,"Treatment for psoriasis aims to help control symptoms and prevent complications. It can include:

1. Topical treatments: These are creams and ointments applied to your skin, and are usually the first treatment to try when diagnosed with psoriasis.

2. Light therapy: This treatment involves exposing your skin to ultraviolet light under medical supervision.

3. Oral or injected medications: These are used for severe psoriasis or psoriasis that resists other treatments. They include retinoids, methotrexate, cyclosporine, biologics, and newer oral treatments such as apremilast.

As psoriasis is a chronic condition, it's important to work with a healthcare provider to manage it effectively."
What are the recommended medications for acne treatment?,"The type of medication your doctor prescribes for your acne depends on your symptoms and the severity of your condition. Commonly recommended medications include:

1. Topical retinoids: These are derived from vitamin A and include drugs like tretinoin, adapalene, and tazarotene.
2. Antibiotics: These can be applied to the skin or taken orally to reduce bacteria and inflammation.
3. Salicylic acid and azelaic acid: These help prevent pores from becoming blocked.
4. Dapsone: This is a topical gel especially beneficial for inflammatory acne.
5. Oral contraceptives: These can help regulate hormones that cause acne in women.
6. Isotretinoin: This is a powerful drug used in severe, resistant acne.

Remember, it's important to consult with a healthcare provider before starting any acne treatment regimen."
What are the common symptoms of hives?,"Hives, also known as urticaria, typically cause the following symptoms:

1. Itchy red or skin-colored welts (wheals) with clearly defined edges.
2. Welts that appear and fade repeatedly as the reaction runs its course.
3. Welts that change shape, disappear and reappear over short periods of time.
4. Welts that vary in size, from less than an inch to several inches across.

Hives can appear anywhere on the body and may cause severe itchiness. In some severe cases, hives may cause swelling in the throat and face, which is a medical emergency."
What is the treatment for psoriasis?,"Psoriasis treatment aims to stop skin cells from growing so quickly and to remove scales. Options include topical corticosteroids to reduce inflammation and itching, Vitamin D analogues to slow skin cell growth, retinoids to decrease inflammation, and moisturizers to smooth the skin and reduce dryness and scaling. 

For moderate to severe psoriasis, light therapy may be used. This involves exposing the skin to ultraviolet light on a regular basis and under medical supervision. 

Systemic medications are prescription drugs that are taken orally or by injection and work throughout the body. They are generally used for individuals with moderate to severe psoriasis and psoriatic arthritis. These may include methotrexate, cyclosporine, biologics, and retinoids. 

It's important to consult a dermatologist to determine the best treatment plan."
What are the treatment options for atopic dermatitis?,"Atopic dermatitis, or eczema, can be managed with a combination of self-care strategies and medication. Topical treatments like creams or ointments that control itching and help repair the skin are often first-line treatments. In more severe cases, your doctor might prescribe drugs to control inflammation, such as corticosteroids, or drugs that affect the immune system. Light therapy, which involves exposing the skin to controlled amounts of natural or artificial light, can also be effective. Additionally, identifying and avoiding triggers, moisturizing regularly, and taking short, lukewarm baths can help manage symptoms."
What are the common treatments for rosacea?,"Rosacea treatment focuses on managing symptoms and usually combines self-care practices and prescription treatments. Topical drugs that reduce redness like brimonidine and oxymetazoline can be used. For acne-like symptoms, doctors might prescribe azelaic acid, metronidazole, or ivermectin. Oral antibiotics, such as doxycycline, can be used to reduce inflammation. For severe cases, isotretinoin might be an option. Laser and other light-based therapies can help reduce redness in persistent cases. Lastly, gentle skincare and sun protection can significantly improve comfort and reduce rosacea flare-ups."
What is the main cause of acne?,"Acne is primarily caused by the overproduction of oil; blocked hair follicles that don't allow the aforementioned oil to leave the pore, which may result in a clogged pore; and the growth of bacteria inside the hair follicles called P. acnes. Additionally, hormonal fluctuations, stress, and diet can also play a role in the development of acne."
What is the recommended treatment for rosacea?,"Treatment for rosacea typically involves a combination of medication and lifestyle changes. Medications can include topical drugs that reduce redness such as brimonidine and oxymetazoline, and antibiotics either in topical form (metronidazole, ivermectin) or oral (doxycycline, minocycline). In severe cases, isotretinoin may be used. Laser and other light-based therapies can also help reduce the redness of enlarged blood vessels. Lifestyle modifications, such as identifying and avoiding triggers, using sunscreen, and taking good care of the facial skin, are also important parts of managing rosacea."
What are the common medications for treating eczema?,"Eczema is often treated with a combination of medications, which can include:

1. Corticosteroid creams or ointments: These reduce inflammation and relieve itching.

2. Moisturizers: These soothe the skin and prevent dryness.

3. Antihistamines: These can help prevent nighttime scratching.

4. Calcineurin inhibitors: These are drugs that modulate the immune system.

5. Antibiotics: These are used if the skin gets infected.

6. Topical PDE4 inhibitors: These reduce inflammation and are used for mild to moderate eczema.

7. Biologic drugs: These are used for severe eczema and work by targeting a key part of the immune system.

Remember, each treatment has potential side effects. It's important to discuss these with your healthcare provider when considering treatment options."
What causes acne?,"Acne is primarily caused by the overproduction of oil; blocked hair follicles that don't allow the aforementioned oil to leave the pore, which often results in a clogged pore; and the growth of bacteria inside the hair follicles called P. acnes. Hormonal changes, such as those during puberty, can lead to increased oil production and a higher chance of getting acne. Other factors that can contribute to acne include certain medications, a diet high in refined sugars or carbohydrates, hormonal changes during menstruation, and stress."
What is the usual treatment for acne?,"Acne treatments depend on the severity. Mild acne can be treated with over-the-counter products containing ingredients like benzoyl peroxide or salicylic acid. If these aren't effective, a dermatologist may prescribe stronger topical products, such as retinoids or antibiotics.

For moderate to severe acne, oral medications may be necessary. These can include antibiotics, combined oral contraceptives (for women), or a powerful medication called isotretinoin for severe cases.

In-office procedures like light therapy, chemical peels, or extraction can also be used for acne that doesn't respond to medication. It's important to discuss with a healthcare provider to determine the most suitable treatment."
What are the signs and symptoms of atopic dermatitis?,"Atopic dermatitis, also known as eczema, typically causes symptoms such as:

1. Dry, scaly skin.
2. Redness and swelling.
3. Intense itching, which may worsen at night.
4. Small, raised bumps which may leak fluid when scratched.
5. Cracked, thickened, or rough skin.
6. Inflammation and areas of swelling.
7. Sensitive or raw skin from scratching.

These symptoms can come and go over time, and they often appear on the hands, feet, ankles, wrists, neck, upper chest, eyelids, inside the bend of the elbows and knees, and, in infants, the face and scalp."
What are the recommended medications for acne?,"The choice of acne medication depends on the severity and type of acne. Over-the-counter topical treatments containing benzoyl peroxide, salicylic acid, and sulfur can help with mild acne. Prescription medications such as topical retinoids, topical antibiotics, azelaic acid, oral antibiotics, and in severe cases, oral isotretinoin may be recommended. For women, hormonal therapies including oral contraceptives or anti-androgen agents can be effective. It's important to consult with a healthcare provider to determine the most appropriate treatment for your acne."
What is the treatment for a fungal skin infection?,"Treatment for fungal skin infections generally involves antifungal medications, which can be applied topically (as a cream or ointment) or taken orally, depending on the severity and location of the infection. Over-the-counter antifungal creams, lotions, or powders can be effective for mild infections. More severe or widespread infections may require prescription-strength topical medications or oral antifungal drugs. In some cases, your healthcare provider may recommend additional measures to keep the affected area dry and clean."
What are the common treatments for melanoma?,"Melanoma treatment depends on the stage and location of the disease, as well as the patient's overall health. Common treatments include:

1. Surgery: The primary treatment for melanoma is surgery, which involves removing the melanoma and a margin of normal skin around it.

2. Immunotherapy: This uses medications to stimulate the patient's immune system to fight cancer.

3. Targeted therapy: This uses drugs to block the growth of cancer cells.

4. Chemotherapy: This uses drugs to kill cancer cells.

5. Radiation therapy: This uses high-powered energy beams to kill cancer cells.

6. Palliative care: This aims to improve the quality of life by alleviating symptoms of the disease."
What are the symptoms of vitiligo?,"Vitiligo is a disease that causes the loss of skin color in blotches. The extent and rate of color loss from vitiligo is unpredictable. Symptoms include:

1. Patchy loss of skin color, which usually first appears on the hands, face, and areas around body openings and the navel.
2. Premature whitening or graying of the hair on your scalp, eyelashes, eyebrows, or beard.
3. Loss of color in the tissues that line the inside of your mouth (mucous membranes) and retina.
4. Discolored patches around the armpits, navel, genitals, and rectum.

Vitiligo can start at any age, but often appears before age 20."
What are the common medications used to treat psoriasis?,"There are several types of medications used to treat psoriasis, including:

1. Topical treatments: These are creams and ointments applied to your skin, and can include corticosteroids, vitamin D analogues, retinoids, calcineurin inhibitors, salicylic acid, and coal tar.

2. Systemic medications: These are prescription drugs that are taken orally or by injection. They include methotrexate, cyclosporine, and certain biologic drugs that target the immune system.

3. Light therapy: This treatment involves exposing the skin to ultraviolet light under medical supervision.

It's important to remember that all medications can have side effects and should be used under the guidance of a healthcare provider."
What are the common symptoms of basal cell carcinoma?,"Basal cell carcinoma often appears as a slightly transparent bump on the skin, though it can take other forms. Common symptoms include:

1. A pearly or waxy bump, often with visible blood vessels, on your face, ears or neck.
2. A flat, flesh-colored or brown scar-like lesion on your chest or back.
3. A bleeding or scabbing sore that heals and returns.
4. A red, irritated patch of skin, often on the chest, shoulders, arms, or legs.

Basal cell carcinoma is most often found on areas of the skin that are exposed to the sun, such as your face and neck, but it can occur anywhere on your body."
What are the common treatments for acne?,"Acne treatments aim to reduce oil production, speed up skin cell turnover, fight bacterial infection, or reduce inflammation. Over-the-counter treatments often contain salicylic acid or benzoyl peroxide. Prescription treatments can include topical retinoids, topical antibiotics, combined topical products, oral antibiotics, oral contraceptives for females, anti-androgen agents for females, and isotretinoin for severe acne. In-office procedures, such as light therapy, chemical peels, and extraction of whiteheads and blackheads, can also be beneficial. It's important to note that what works for one person might not work for another, and it can take time to see improvements."
What are the common medications used for treating psoriasis?,"Psoriasis treatment typically aims to stop skin cells from growing so quickly and to remove scales. Common medications include:

1. Topical corticosteroids: These powerful anti-inflammatory drugs are the most frequently prescribed medications for treating mild to moderate psoriasis.

2. Vitamin D analogues: These synthetic forms of vitamin D slow skin cell growth.

3. Retinoids: These are derived from vitamin A and can decrease inflammation.

4. Calcineurin inhibitors: These drugs reduce inflammation and plaque buildup.

5. Salicylic acid: Available over-the-counter and by prescription, salicylic acid promotes shedding of psoriatic scales.

6. Coal tar: This is a byproduct of coal processing that slows skin cell growth and can reduce inflammation, itching, and scaling.

For moderate to severe psoriasis, you may need stronger treatments such as light therapy, systemic medications, or biologics that work"
What are the common medications for treating psoriasis?,"Common medications for treating psoriasis include:

1. Topical corticosteroids: These powerful anti-inflammatory drugs are most commonly prescribed for treating mild to moderate psoriasis.

2. Vitamin D analogues: These synthetic forms of vitamin D slow skin cell growth.

3. Retinoids: These are derived from vitamin A and can decrease inflammation.

4. Calcineurin inhibitors: These drugs reduce inflammation and plaque buildup.

5. Salicylic acid: Available over-the-counter (OTC) and by prescription, salicylic acid promotes sloughing of dead skin cells and reduces scaling.

6. Coal tar: Derived from coal, coal tar reduces scaling, itching and inflammation.

7. Biologics: These are drugs that alter the immune system.

8. Methotrexate: This oral or injectable drug reduces the production of skin cells and suppresses inflammation.

9. Cyclospor"
What is the cause of rosacea?,"The exact cause of rosacea is unknown, but it may be due to a combination of hereditary and environmental factors. A number of factors can trigger or aggravate rosacea by increasing blood flow to the surface of your skin. Some of these factors include hot drinks and spicy foods, alcohol, temperature extremes, sunlight or wind, emotions, exercise, cosmetics, drugs that dilate blood vessels, and certain blood pressure medications."
